0, "Aadhya's Excellent Jewelry"
1, "AanyaAarav's Unmatched Clothes"
2, "Abigail's Magnificient Electronics"
3, "Aditya's Sterling Sporting Goods"
4, "Ahmed's Distinguished Foods"
5, "Ali's Fine Jewelry"
6, "Amelia's Choice Clothes"
7, "Aradhya's Premium Electronics"
8, "Arjun's Certified Sporting Goods"
9, "Brigit's Wonderful Foods"
10, "Camila's Superior Jewelry"
11, "Daniel's Extraordinary Clothes"
12, "Divya's Stupendous Electronics"
13, "Emily's Excellent Sporting Goods"
14, "Emma's Unmatched Foods"
15, "Fang's Magnificient Jewelry"
16, "Isabella's Sterling Clothes"
17, "Jack's Distinguished Electronics"
18, "James's Fine Sporting Goods"
19, "Jana's Choice Foods"
20, "Jing's Premium Jewelry"
21, "John's Certified Clothes"
22, "Lei's Wonderful Electronics"
23, "Leo's Superior Sporting Goods"
24, "Li's Extraordinary Foods"
25, "Malak's Stupendous Jewelry"
26, "Mariam's Excellent Clothes"
27, "Mateo's Unmatched Electronics"
28, "Matias's Magnificient Sporting Goods"
29, "Min's Sterling Foods"
30, "Mohammed's Distinguished Jewelry"
31, "Na's Fine Clothes"
32, "Nicolas's Choice Electronics"
33, "Olivia's Premium Sporting Goods"
34, "Omar's Certified Foods"
35, "Qiang's Wonderful Jewelry"
36, "Saanvi's Superior Clothes"
37, "Salma's Extraordinary Electronics"
38, "Santiago's Stupendous Sporting Goods"
39, "Sebastian's Excellent Foods"
40, "Sofia's Unmatched Jewelry"
41, "Valentina's Magnificient Clothes"
42, "Valeria's Sterling Electronics"
43, "Vihaan's Distinguished Sporting Goods"
44, "Vivaan's Fine Foods"
45, "Wei's Choice Jewelry"
46, "Xiuying's Premium Clothes"
47, "Youssef's Certified Electronics"
48, "Zhang's Wonderful Sporting Goods"
49, "Aadhya's Superior Foods"
50, "AanyaAarav's Extraordinary Jewelry"
51, "Abigail's Stupendous Clothes"
52, "Aditya's Excellent Electronics"
53, "Ahmed's Unmatched Sporting Goods"
54, "Ali's Magnificient Foods"
55, "Amelia's Sterling Jewelry"
56, "Aradhya's Distinguished Clothes"
57, "Arjun's Fine Electronics"
58, "Brigit's Choice Sporting Goods"
59, "Camila's Premium Foods"
60, "Daniel's Certified Jewelry"
61, "Divya's Wonderful Clothes"
62, "Emily's Superior Electronics"
63, "Emma's Extraordinary Sporting Goods"
64, "Fang's Stupendous Foods"
65, "Isabella's Excellent Jewelry"
66, "Jack's Unmatched Clothes"
67, "James's Magnificient Electronics"
68, "Jana's Sterling Sporting Goods"
69, "Jing's Distinguished Foods"
70, "John's Fine Jewelry"
71, "Lei's Choice Clothes"
72, "Leo's Premium Electronics"
73, "Li's Certified Sporting Goods"
74, "Malak's Wonderful Foods"
75, "Mariam's Superior Jewelry"
76, "Mateo's Extraordinary Clothes"
77, "Matias's Stupendous Electronics"
78, "Min's Excellent Sporting Goods"
79, "Mohammed's Unmatched Foods"
80, "Na's Magnificient Jewelry"
81, "Nicolas's Sterling Clothes"
82, "Olivia's Distinguished Electronics"
83, "Omar's Fine Sporting Goods"
84, "Qiang's Choice Foods"
85, "Saanvi's Premium Jewelry"
86, "Salma's Certified Clothes"
87, "Santiago's Wonderful Electronics"
88, "Sebastian's Superior Sporting Goods"
89, "Sofia's Extraordinary Foods"
90, "Valentina's Stupendous Jewelry"
91, "Valeria's Excellent Clothes"
92, "Vihaan's Unmatched Electronics"
93, "Vivaan's Magnificient Sporting Goods"
94, "Wei's Sterling Foods"
95, "Xiuying's Distinguished Jewelry"
96, "Youssef's Fine Clothes"
97, "Zhang's Choice Electronics"
98, "Aadhya's Premium Sporting Goods"
99, "AanyaAarav's Certified Foods"
100, "Abigail's Wonderful Jewelry"
101, "Aditya's Superior Clothes"
102, "Ahmed's Extraordinary Electronics"
103, "Ali's Stupendous Sporting Goods"
104, "Amelia's Excellent Foods"
105, "Aradhya's Unmatched Jewelry"
106, "Arjun's Magnificient Clothes"
107, "Brigit's Sterling Electronics"
108, "Camila's Distinguished Sporting Goods"
109, "Daniel's Fine Foods"
110, "Divya's Choice Jewelry"
111, "Emily's Premium Clothes"
112, "Emma's Certified Electronics"
113, "Fang's Wonderful Sporting Goods"
114, "Isabella's Superior Foods"
115, "Jack's Extraordinary Jewelry"
116, "James's Stupendous Clothes"
117, "Jana's Excellent Electronics"
118, "Jing's Unmatched Sporting Goods"
119, "John's Magnificient Foods"
120, "Lei's Sterling Jewelry"
121, "Leo's Distinguished Clothes"
122, "Li's Fine Electronics"
123, "Malak's Choice Sporting Goods"
124, "Mariam's Premium Foods"
125, "Mateo's Certified Jewelry"
126, "Matias's Wonderful Clothes"
127, "Min's Superior Electronics"
128, "Mohammed's Extraordinary Sporting Goods"
129, "Na's Stupendous Foods"
130, "Nicolas's Excellent Jewelry"
131, "Olivia's Unmatched Clothes"
132, "Omar's Magnificient Electronics"
133, "Qiang's Sterling Sporting Goods"
134, "Saanvi's Distinguished Foods"
135, "Salma's Fine Jewelry"
136, "Santiago's Choice Clothes"
137, "Sebastian's Premium Electronics"
138, "Sofia's Certified Sporting Goods"
139, "Valentina's Wonderful Foods"
140, "Valeria's Superior Jewelry"
141, "Vihaan's Extraordinary Clothes"
142, "Vivaan's Stupendous Electronics"
143, "Wei's Excellent Sporting Goods"
144, "Xiuying's Unmatched Foods"
145, "Youssef's Magnificient Jewelry"
146, "Zhang's Sterling Clothes"
147, "Aadhya's Distinguished Electronics"
148, "AanyaAarav's Fine Sporting Goods"
149, "Abigail's Choice Foods"
150, "Aditya's Premium Jewelry"
151, "Ahmed's Certified Clothes"
152, "Ali's Wonderful Electronics"
153, "Amelia's Superior Sporting Goods"
154, "Aradhya's Extraordinary Foods"
155, "Arjun's Stupendous Jewelry"
156, "Brigit's Excellent Clothes"
157, "Camila's Unmatched Electronics"
158, "Daniel's Magnificient Sporting Goods"
159, "Divya's Sterling Foods"
160, "Emily's Distinguished Jewelry"
161, "Emma's Fine Clothes"
162, "Fang's Choice Electronics"
163, "Isabella's Premium Sporting Goods"
164, "Jack's Certified Foods"
165, "James's Wonderful Jewelry"
166, "Jana's Superior Clothes"
167, "Jing's Extraordinary Electronics"
168, "John's Stupendous Sporting Goods"
169, "Lei's Excellent Foods"
170, "Leo's Unmatched Jewelry"
171, "Li's Magnificient Clothes"
172, "Malak's Sterling Electronics"
173, "Mariam's Distinguished Sporting Goods"
174, "Mateo's Fine Foods"
175, "Matias's Choice Jewelry"
176, "Min's Premium Clothes"
177, "Mohammed's Certified Electronics"
178, "Na's Wonderful Sporting Goods"
179, "Nicolas's Superior Foods"
180, "Olivia's Extraordinary Jewelry"
181, "Omar's Stupendous Clothes"
182, "Qiang's Excellent Electronics"
183, "Saanvi's Unmatched Sporting Goods"
184, "Salma's Magnificient Foods"
185, "Santiago's Sterling Jewelry"
186, "Sebastian's Distinguished Clothes"
187, "Sofia's Fine Electronics"
188, "Valentina's Choice Sporting Goods"
189, "Valeria's Premium Foods"
190, "Vihaan's Certified Jewelry"
191, "Vivaan's Wonderful Clothes"
192, "Wei's Superior Electronics"
193, "Xiuying's Extraordinary Sporting Goods"
194, "Youssef's Stupendous Foods"
195, "Zhang's Excellent Jewelry"
196, "Aadhya's Unmatched Clothes"
197, "AanyaAarav's Magnificient Electronics"
198, "Abigail's Sterling Sporting Goods"
199, "Aditya's Distinguished Foods"
200, "Ahmed's Fine Jewelry"
201, "Ali's Choice Clothes"
202, "Amelia's Premium Electronics"
203, "Aradhya's Certified Sporting Goods"
204, "Arjun's Wonderful Foods"
205, "Brigit's Superior Jewelry"
206, "Camila's Extraordinary Clothes"
207, "Daniel's Stupendous Electronics"
208, "Divya's Excellent Sporting Goods"
209, "Emily's Unmatched Foods"
210, "Emma's Magnificient Jewelry"
211, "Fang's Sterling Clothes"
212, "Isabella's Distinguished Electronics"
213, "Jack's Fine Sporting Goods"
214, "James's Choice Foods"
215, "Jana's Premium Jewelry"
216, "Jing's Certified Clothes"
217, "John's Wonderful Electronics"
218, "Lei's Superior Sporting Goods"
219, "Leo's Extraordinary Foods"
220, "Li's Stupendous Jewelry"
221, "Malak's Excellent Clothes"
222, "Mariam's Unmatched Electronics"
223, "Mateo's Magnificient Sporting Goods"
224, "Matias's Sterling Foods"
225, "Min's Distinguished Jewelry"
226, "Mohammed's Fine Clothes"
227, "Na's Choice Electronics"
228, "Nicolas's Premium Sporting Goods"
229, "Olivia's Certified Foods"
230, "Omar's Wonderful Jewelry"
231, "Qiang's Superior Clothes"
232, "Saanvi's Extraordinary Electronics"
233, "Salma's Stupendous Sporting Goods"
234, "Santiago's Excellent Foods"
235, "Sebastian's Unmatched Jewelry"
236, "Sofia's Magnificient Clothes"
237, "Valentina's Sterling Electronics"
238, "Valeria's Distinguished Sporting Goods"
239, "Vihaan's Fine Foods"
240, "Vivaan's Choice Jewelry"
241, "Wei's Premium Clothes"
242, "Xiuying's Certified Electronics"
243, "Youssef's Wonderful Sporting Goods"
244, "Zhang's Superior Foods"
245, "Aadhya's Extraordinary Jewelry"
246, "AanyaAarav's Stupendous Clothes"
247, "Abigail's Excellent Electronics"
248, "Aditya's Unmatched Sporting Goods"
249, "Ahmed's Magnificient Foods"
250, "Ali's Sterling Jewelry"
251, "Amelia's Distinguished Clothes"
252, "Aradhya's Fine Electronics"
253, "Arjun's Choice Sporting Goods"
254, "Brigit's Premium Foods"
255, "Camila's Certified Jewelry"
256, "Daniel's Wonderful Clothes"
257, "Divya's Superior Electronics"
258, "Emily's Extraordinary Sporting Goods"
259, "Emma's Stupendous Foods"
260, "Fang's Excellent Jewelry"
261, "Isabella's Unmatched Clothes"
262, "Jack's Magnificient Electronics"
263, "James's Sterling Sporting Goods"
264, "Jana's Distinguished Foods"
265, "Jing's Fine Jewelry"
266, "John's Choice Clothes"
267, "Lei's Premium Electronics"
268, "Leo's Certified Sporting Goods"
269, "Li's Wonderful Foods"
270, "Malak's Superior Jewelry"
271, "Mariam's Extraordinary Clothes"
272, "Mateo's Stupendous Electronics"
273, "Matias's Excellent Sporting Goods"
274, "Min's Unmatched Foods"
275, "Mohammed's Magnificient Jewelry"
276, "Na's Sterling Clothes"
277, "Nicolas's Distinguished Electronics"
278, "Olivia's Fine Sporting Goods"
279, "Omar's Choice Foods"
280, "Qiang's Premium Jewelry"
281, "Saanvi's Certified Clothes"
282, "Salma's Wonderful Electronics"
283, "Santiago's Superior Sporting Goods"
284, "Sebastian's Extraordinary Foods"
285, "Sofia's Stupendous Jewelry"
286, "Valentina's Excellent Clothes"
287, "Valeria's Unmatched Electronics"
288, "Vihaan's Magnificient Sporting Goods"
289, "Vivaan's Sterling Foods"
290, "Wei's Distinguished Jewelry"
291, "Xiuying's Fine Clothes"
292, "Youssef's Choice Electronics"
293, "Zhang's Premium Sporting Goods"
294, "Aadhya's Certified Foods"
295, "AanyaAarav's Wonderful Jewelry"
296, "Abigail's Superior Clothes"
297, "Aditya's Extraordinary Electronics"
298, "Ahmed's Stupendous Sporting Goods"
299, "Ali's Excellent Foods"
300, "Amelia's Unmatched Jewelry"
301, "Aradhya's Magnificient Clothes"
302, "Arjun's Sterling Electronics"
303, "Brigit's Distinguished Sporting Goods"
304, "Camila's Fine Foods"
305, "Daniel's Choice Jewelry"
306, "Divya's Premium Clothes"
307, "Emily's Certified Electronics"
308, "Emma's Wonderful Sporting Goods"
309, "Fang's Superior Foods"
310, "Isabella's Extraordinary Jewelry"
311, "Jack's Stupendous Clothes"
312, "James's Excellent Electronics"
313, "Jana's Unmatched Sporting Goods"
314, "Jing's Magnificient Foods"
315, "John's Sterling Jewelry"
316, "Lei's Distinguished Clothes"
317, "Leo's Fine Electronics"
318, "Li's Choice Sporting Goods"
319, "Malak's Premium Foods"
320, "Mariam's Certified Jewelry"
321, "Mateo's Wonderful Clothes"
322, "Matias's Superior Electronics"
323, "Min's Extraordinary Sporting Goods"
324, "Mohammed's Stupendous Foods"
325, "Na's Excellent Jewelry"
326, "Nicolas's Unmatched Clothes"
327, "Olivia's Magnificient Electronics"
328, "Omar's Sterling Sporting Goods"
329, "Qiang's Distinguished Foods"
330, "Saanvi's Fine Jewelry"
331, "Salma's Choice Clothes"
332, "Santiago's Premium Electronics"
333, "Sebastian's Certified Sporting Goods"
334, "Sofia's Wonderful Foods"
335, "Valentina's Superior Jewelry"
336, "Valeria's Extraordinary Clothes"
337, "Vihaan's Stupendous Electronics"
338, "Vivaan's Excellent Sporting Goods"
339, "Wei's Unmatched Foods"
340, "Xiuying's Magnificient Jewelry"
341, "Youssef's Sterling Clothes"
342, "Zhang's Distinguished Electronics"
343, "Aadhya's Fine Sporting Goods"
344, "AanyaAarav's Choice Foods"
345, "Abigail's Premium Jewelry"
346, "Aditya's Certified Clothes"
347, "Ahmed's Wonderful Electronics"
348, "Ali's Superior Sporting Goods"
349, "Amelia's Extraordinary Foods"
350, "Aradhya's Stupendous Jewelry"
351, "Arjun's Excellent Clothes"
352, "Brigit's Unmatched Electronics"
353, "Camila's Magnificient Sporting Goods"
354, "Daniel's Sterling Foods"
355, "Divya's Distinguished Jewelry"
356, "Emily's Fine Clothes"
357, "Emma's Choice Electronics"
358, "Fang's Premium Sporting Goods"
359, "Isabella's Certified Foods"
360, "Jack's Wonderful Jewelry"
361, "James's Superior Clothes"
362, "Jana's Extraordinary Electronics"
363, "Jing's Stupendous Sporting Goods"
364, "John's Excellent Foods"
365, "Lei's Unmatched Jewelry"
366, "Leo's Magnificient Clothes"
367, "Li's Sterling Electronics"
368, "Malak's Distinguished Sporting Goods"
369, "Mariam's Fine Foods"
370, "Mateo's Choice Jewelry"
371, "Matias's Premium Clothes"
372, "Min's Certified Electronics"
373, "Mohammed's Wonderful Sporting Goods"
374, "Na's Superior Foods"
375, "Nicolas's Extraordinary Jewelry"
376, "Olivia's Stupendous Clothes"
377, "Omar's Excellent Electronics"
378, "Qiang's Unmatched Sporting Goods"
379, "Saanvi's Magnificient Foods"
380, "Salma's Sterling Jewelry"
381, "Santiago's Distinguished Clothes"
382, "Sebastian's Fine Electronics"
383, "Sofia's Choice Sporting Goods"
384, "Valentina's Premium Foods"
385, "Valeria's Certified Jewelry"
386, "Vihaan's Wonderful Clothes"
387, "Vivaan's Superior Electronics"
388, "Wei's Extraordinary Sporting Goods"
389, "Xiuying's Stupendous Foods"
390, "Youssef's Excellent Jewelry"
391, "Zhang's Unmatched Clothes"
392, "Aadhya's Magnificient Electronics"
393, "AanyaAarav's Sterling Sporting Goods"
394, "Abigail's Distinguished Foods"
395, "Aditya's Fine Jewelry"
396, "Ahmed's Choice Clothes"
397, "Ali's Premium Electronics"
398, "Amelia's Certified Sporting Goods"
399, "Aradhya's Wonderful Foods"
400, "Arjun's Superior Jewelry"
401, "Brigit's Extraordinary Clothes"
402, "Camila's Stupendous Electronics"
403, "Daniel's Excellent Sporting Goods"
404, "Divya's Unmatched Foods"
405, "Emily's Magnificient Jewelry"
406, "Emma's Sterling Clothes"
407, "Fang's Distinguished Electronics"
408, "Isabella's Fine Sporting Goods"
409, "Jack's Choice Foods"
410, "James's Premium Jewelry"
411, "Jana's Certified Clothes"
412, "Jing's Wonderful Electronics"
413, "John's Superior Sporting Goods"
414, "Lei's Extraordinary Foods"
415, "Leo's Stupendous Jewelry"
416, "Li's Excellent Clothes"
417, "Malak's Unmatched Electronics"
418, "Mariam's Magnificient Sporting Goods"
419, "Mateo's Sterling Foods"
420, "Matias's Distinguished Jewelry"
421, "Min's Fine Clothes"
422, "Mohammed's Choice Electronics"
423, "Na's Premium Sporting Goods"
424, "Nicolas's Certified Foods"
425, "Olivia's Wonderful Jewelry"
426, "Omar's Superior Clothes"
427, "Qiang's Extraordinary Electronics"
428, "Saanvi's Stupendous Sporting Goods"
429, "Salma's Excellent Foods"
430, "Santiago's Unmatched Jewelry"
431, "Sebastian's Magnificient Clothes"
432, "Sofia's Sterling Electronics"
433, "Valentina's Distinguished Sporting Goods"
434, "Valeria's Fine Foods"
435, "Vihaan's Choice Jewelry"
436, "Vivaan's Premium Clothes"
437, "Wei's Certified Electronics"
438, "Xiuying's Wonderful Sporting Goods"
439, "Youssef's Superior Foods"
440, "Zhang's Extraordinary Jewelry"
441, "Aadhya's Stupendous Clothes"
442, "AanyaAarav's Excellent Electronics"
443, "Abigail's Unmatched Sporting Goods"
444, "Aditya's Magnificient Foods"
445, "Ahmed's Sterling Jewelry"
446, "Ali's Distinguished Clothes"
447, "Amelia's Fine Electronics"
448, "Aradhya's Choice Sporting Goods"
449, "Arjun's Premium Foods"
450, "Brigit's Certified Jewelry"
451, "Camila's Wonderful Clothes"
452, "Daniel's Superior Electronics"
453, "Divya's Extraordinary Sporting Goods"
454, "Emily's Stupendous Foods"
455, "Emma's Excellent Jewelry"
456, "Fang's Unmatched Clothes"
457, "Isabella's Magnificient Electronics"
458, "Jack's Sterling Sporting Goods"
459, "James's Distinguished Foods"
460, "Jana's Fine Jewelry"
461, "Jing's Choice Clothes"
462, "John's Premium Electronics"
463, "Lei's Certified Sporting Goods"
464, "Leo's Wonderful Foods"
465, "Li's Superior Jewelry"
466, "Malak's Extraordinary Clothes"
467, "Mariam's Stupendous Electronics"
468, "Mateo's Excellent Sporting Goods"
469, "Matias's Unmatched Foods"
470, "Min's Magnificient Jewelry"
471, "Mohammed's Sterling Clothes"
472, "Na's Distinguished Electronics"
473, "Nicolas's Fine Sporting Goods"
474, "Olivia's Choice Foods"
475, "Omar's Premium Jewelry"
476, "Qiang's Certified Clothes"
477, "Saanvi's Wonderful Electronics"
478, "Salma's Superior Sporting Goods"
479, "Santiago's Extraordinary Foods"
480, "Sebastian's Stupendous Jewelry"
481, "Sofia's Excellent Clothes"
482, "Valentina's Unmatched Electronics"
483, "Valeria's Magnificient Sporting Goods"
484, "Vihaan's Sterling Foods"
485, "Vivaan's Distinguished Jewelry"
486, "Wei's Fine Clothes"
487, "Xiuying's Choice Electronics"
488, "Youssef's Premium Sporting Goods"
489, "Zhang's Certified Foods"
490, "Aadhya's Wonderful Jewelry"
491, "AanyaAarav's Superior Clothes"
492, "Abigail's Extraordinary Electronics"
493, "Aditya's Stupendous Sporting Goods"
494, "Ahmed's Excellent Foods"
495, "Ali's Unmatched Jewelry"
496, "Amelia's Magnificient Clothes"
497, "Aradhya's Sterling Electronics"
498, "Arjun's Distinguished Sporting Goods"
499, "Brigit's Fine Foods"
