0, 'New York', 'New York', 8405837, '{"type": "Point", "coordinates": [-73.9385, 40.6643]}'
1, 'Los Angeles', 'California', 3884307, '{"type": "Point", "coordinates": [-118.4108, 34.0194]}'
2, 'Chicago', 'Illinois', 2718782, '{"type": "Point", "coordinates": [-87.6818, 41.8376]}'
3, 'Houston', 'Texas', 2195914, '{"type": "Point", "coordinates": [-95.3863, 29.7805]}'
4, 'Philadelphia', 'Pennsylvania', 1553165, '{"type": "Point", "coordinates": [-75.1333, 40.0094]}'
5, 'Phoenix', 'Arizona', 1513367, '{"type": "Point", "coordinates": [-112.0880, 33.5722]}'
6, 'San Antonio', 'Texas', 1409019, '{"type": "Point", "coordinates": [-98.5251, 29.4724]}'
7, 'San Diego', 'California', 1355896, '{"type": "Point", "coordinates": [-117.1350, 32.8153]}'
8, 'Dallas', 'Texas', 1257676, '{"type": "Point", "coordinates": [-96.7967, 32.7757]}'
9, 'San Jose', 'California', 998537, '{"type": "Point", "coordinates": [-121.8193, 37.2969]}'
10, 'Austin', 'Texas', 885400, '{"type": "Point", "coordinates": [-97.7560, 30.3072]}'
11, 'Indianapolis', 'Indiana', 843393, '{"type": "Point", "coordinates": [-86.1459, 39.7767]}'
12, 'Jacksonville', 'Florida', 842583, '{"type": "Point", "coordinates": [-81.6613, 30.3370]}'
13, 'San Francisco', 'California', 837442, '{"type": "Point", "coordinates": [-122.4193, 37.7751]}'
14, 'Columbus', 'Ohio', 822553, '{"type": "Point", "coordinates": [-82.9850, 39.9848]}'
15, 'Charlotte', 'North Carolina', 792862, '{"type": "Point", "coordinates": [-80.8307, 35.2087]}'
16, 'Fort Worth', 'Texas', 792727, '{"type": "Point", "coordinates": [-97.3463, 32.7795]}'
17, 'Detroit', 'Michigan', 688701, '{"type": "Point", "coordinates": [-83.1022, 42.3830]}'
18, 'El Paso', 'Texas', 674433, '{"type": "Point", "coordinates": [-106.4270, 31.8484]}'
19, 'Memphis', 'Tennessee', 653450, '{"type": "Point", "coordinates": [-89.9785, 35.1035]}'
20, 'Seattle', 'Washington', 652405, '{"type": "Point", "coordinates": [-122.3509, 47.6205]}'
21, 'Denver', 'Colorado', 649495, '{"type": "Point", "coordinates": [-104.8806, 39.7618]}'
22, 'Washington', 'District of Columbia', 646449, '{"type": "Point", "coordinates": [-77.0171, 38.9041]}'
23, 'Boston', 'Massachusetts', 645966, '{"type": "Point", "coordinates": [-71.0202, 42.3320]}'
24, 'Nashville', 'Tennessee', 634464, '{"type": "Point", "coordinates": [-86.7850, 36.1718]}'
25, 'Baltimore', 'Maryland', 622104, '{"type": "Point", "coordinates": [-76.6105, 39.3002]}'
26, 'Oklahoma City', 'Oklahoma', 610613, '{"type": "Point", "coordinates": [-97.5137, 35.4671]}'
27, 'Louisville', 'Kentucky', 609893, '{"type": "Point", "coordinates": [-85.6667, 38.1781]}'
28, 'Portland', 'Oregon', 609456, '{"type": "Point", "coordinates": [-122.6500, 45.5370]}'
29, 'Las Vegas', 'Nevada', 603488, '{"type": "Point", "coordinates": [-115.2640, 36.2277]}'
30, 'Milwaukee', 'Wisconsin', 599164, '{"type": "Point", "coordinates": [-87.9667, 43.0633]}'
31, 'Albuquerque', 'New Mexico', 556495, '{"type": "Point", "coordinates": [-106.6474, 35.1056]}'
32, 'Tucson', 'Arizona', 526116, '{"type": "Point", "coordinates": [-110.8711, 32.1543]}'
33, 'Fresno', 'California', 509924, '{"type": "Point", "coordinates": [-119.7945, 36.7827]}'
34, 'Sacramento', 'California', 479686, '{"type": "Point", "coordinates": [-121.4686, 38.5666]}'
35, 'Long Beach', 'California', 469428, '{"type": "Point", "coordinates": [-118.1553, 33.8091]}'
36, 'Kansas City', 'Missouri', 467007, '{"type": "Point", "coordinates": [-94.5511, 39.1252]}'
37, 'Mesa', 'Arizona', 457587, '{"type": "Point", "coordinates": [-111.7174, 33.4019]}'
38, 'Virginia Beach', 'Virginia', 448479, '{"type": "Point", "coordinates": [-76.0240, 36.7793]}'
39, 'Atlanta', 'Georgia', 447841, '{"type": "Point", "coordinates": [-84.4227, 33.7629]}'
40, 'Colorado Springs', 'Colorado', 439886, '{"type": "Point", "coordinates": [-104.7607, 38.8673]}'
41, 'Omaha', 'Nebraska', 434353, '{"type": "Point", "coordinates": [-96.0419, 41.2647]}'
42, 'Raleigh', 'North Carolina', 431746, '{"type": "Point", "coordinates": [-78.6414, 35.8302]}'
43, 'Miami', 'Florida', 417650, '{"type": "Point", "coordinates": [-80.2086, 25.7752]}'
44, 'Oakland', 'California', 406253, '{"type": "Point", "coordinates": [-122.2256, 37.7699]}'
45, 'Minneapolis', 'Minnesota', 400070, '{"type": "Point", "coordinates": [-93.2683, 44.9633]}'
46, 'Tulsa', 'Oklahoma', 398121, '{"type": "Point", "coordinates": [-95.9023, 36.1279]}'
47, 'Cleveland', 'Ohio', 390113, '{"type": "Point", "coordinates": [-81.6795, 41.4781]}'
48, 'Wichita', 'Kansas', 386552, '{"type": "Point", "coordinates": [-97.3427, 37.6907]}'
49, 'Arlington', 'Texas', 379577, '{"type": "Point", "coordinates": [-97.1247, 32.7007]}'
50, 'New Orleans', 'Louisiana', 378715, '{"type": "Point", "coordinates": [-89.9390, 30.0686]}'
51, 'Bakersfield', 'California', 363630, '{"type": "Point", "coordinates": [-119.0183, 35.3212]}'
52, 'Tampa', 'Florida', 352957, '{"type": "Point", "coordinates": [-82.4797, 27.9701]}'
53, 'Honolulu', 'Hawaii', 347884, '{"type": "Point", "coordinates": [-157.8453, 21.3259]}'
54, 'Aurora', 'Colorado', 345803, '{"type": "Point", "coordinates": [-104.8235, 39.7082]}'
55, 'Anaheim', 'California', 345012, '{"type": "Point", "coordinates": [-117.7601, 33.8555]}'
56, 'Santa Ana', 'California', 334227, '{"type": "Point", "coordinates": [-117.8826, 33.7365]}'
57, 'St. Louis', 'Missouri', 318416, '{"type": "Point", "coordinates": [-90.2446, 38.6357]}'
58, 'Riverside', 'California', 316619, '{"type": "Point", "coordinates": [-117.3932, 33.9381]}'
59, 'Corpus Christi', 'Texas', 316381, '{"type": "Point", "coordinates": [-97.1734, 27.7543]}'
60, 'Lexington', 'Kentucky', 308428, '{"type": "Point", "coordinates": [-84.4584, 38.0402]}'
61, 'Pittsburgh', 'Pennsylvania', 305841, '{"type": "Point", "coordinates": [-79.9766, 40.4398]}'
62, 'Anchorage', 'Alaska', 300950, '{"type": "Point", "coordinates": [-149.8953, 61.2176]}'
63, 'Stockton', 'California', 298118, '{"type": "Point", "coordinates": [-121.3133, 37.9763]}'
64, 'Cincinnati', 'Ohio', 297517, '{"type": "Point", "coordinates": [-84.5064, 39.1399]}'
65, 'Saint Paul', 'Minnesota', 294873, '{"type": "Point", "coordinates": [-93.1039, 44.9489]}'
66, 'Toledo', 'Ohio', 282313, '{"type": "Point", "coordinates": [-83.5819, 41.6641]}'
67, 'Greensboro', 'North Carolina', 279639, '{"type": "Point", "coordinates": [-79.8271, 36.0965]}'
68, 'Newark', 'New Jersey', 278427, '{"type": "Point", "coordinates": [-74.1726, 40.7242]}'
69, 'Plano', 'Texas', 274409, '{"type": "Point", "coordinates": [-96.7479, 33.0508]}'
70, 'Henderson', 'Nevada', 270811, '{"type": "Point", "coordinates": [-115.0375, 36.0122]}'
71, 'Lincoln', 'Nebraska', 268738, '{"type": "Point", "coordinates": [-96.6804, 40.8090]}'
72, 'Buffalo', 'New York', 258959, '{"type": "Point", "coordinates": [-78.8597, 42.8925]}'
73, 'Jersey City', 'New Jersey', 257342, '{"type": "Point", "coordinates": [-74.0648, 40.7114]}'
74, 'Chula Vista', 'California', 256780, '{"type": "Point", "coordinates": [-117.0152, 32.6277]}'
75, 'Fort Wayne', 'Indiana', 256496, '{"type": "Point", "coordinates": [-85.1439, 41.0882]}'
76, 'Orlando', 'Florida', 255483, '{"type": "Point", "coordinates": [-81.2988, 28.4159]}'
77, 'St. Petersburg', 'Florida', 249688, '{"type": "Point", "coordinates": [-82.6441, 27.7620]}'
78, 'Chandler', 'Arizona', 249146, '{"type": "Point", "coordinates": [-111.8549, 33.2829]}'
79, 'Laredo', 'Texas', 248142, '{"type": "Point", "coordinates": [-99.4869, 27.5477]}'
80, 'Norfolk', 'Virginia', 246139, '{"type": "Point", "coordinates": [-76.2446, 36.9230]}'
81, 'Durham', 'North Carolina', 245475, '{"type": "Point", "coordinates": [-78.9056, 35.9810]}'
82, 'Madison', 'Wisconsin', 243344, '{"type": "Point", "coordinates": [-89.4301, 43.0878]}'
83, 'Lubbock', 'Texas', 239538, '{"type": "Point", "coordinates": [-101.8867, 33.5665]}'
84, 'Irvine', 'California', 236716, '{"type": "Point", "coordinates": [-117.7713, 33.6784]}'
85, 'Winstonâ€“Salem', 'North Carolina', 236441, '{"type": "Point", "coordinates": [-80.2606, 36.1033]}'
86, 'Glendale', 'Arizona', 234632, '{"type": "Point", "coordinates": [-112.1899, 33.5331]}'
87, 'Garland', 'Texas', 234566, '{"type": "Point", "coordinates": [-96.6304, 32.9098]}'
88, 'Hialeah', 'Florida', 233394, '{"type": "Point", "coordinates": [-80.3029, 25.8699]}'
89, 'Reno', 'Nevada', 233294, '{"type": "Point", "coordinates": [-119.7765, 39.4745]}'
90, 'Chesapeake', 'Virginia', 230571, '{"type": "Point", "coordinates": [-76.3018, 36.6794]}'
91, 'Gilbert', 'Arizona', 229972, '{"type": "Point", "coordinates": [-111.7422, 33.3102]}'
92, 'Baton Rouge', 'Louisiana', 229426, '{"type": "Point", "coordinates": [-91.1259, 30.4485]}'
93, 'Irving', 'Texas', 228653, '{"type": "Point", "coordinates": [-96.9700, 32.8577]}'
94, 'Scottsdale', 'Arizona', 226918, '{"type": "Point", "coordinates": [-111.8237, 33.6687]}'
95, 'North Las Vegas', 'Nevada', 226877, '{"type": "Point", "coordinates": [-115.0893, 36.2830]}'
96, 'Fremont', 'California', 224922, '{"type": "Point", "coordinates": [-121.9411, 37.4944]}'
97, 'Boise', 'Idaho', 214237, '{"type": "Point", "coordinates": [-116.2311, 43.5985]}'
98, 'Richmond', 'Virginia', 214114, '{"type": "Point", "coordinates": [-77.4760, 37.5314]}'
99, 'San Bernardino', 'California', 213708, '{"type": "Point", "coordinates": [-117.2953, 34.1393]}'
100, 'Birmingham', 'Alabama', 212113, '{"type": "Point", "coordinates": [-86.7990, 33.5274]}'
101, 'Spokane', 'Washington', 210721, '{"type": "Point", "coordinates": [-117.4166, 47.6736]}'
102, 'Rochester', 'New York', 210358, '{"type": "Point", "coordinates": [-77.6169, 43.1699]}'
103, 'Des Moines', 'Iowa', 207510, '{"type": "Point", "coordinates": [-93.6167, 41.5739]}'
104, 'Modesto', 'California', 204933, '{"type": "Point", "coordinates": [-120.9891, 37.6609]}'
105, 'Fayetteville', 'North Carolina', 204408, '{"type": "Point", "coordinates": [-78.9803, 35.0851]}'
106, 'Tacoma', 'Washington', 203446, '{"type": "Point", "coordinates": [-122.4598, 47.2522]}'
107, 'Oxnard', 'California', 203007, '{"type": "Point", "coordinates": [-119.2046, 34.2023]}'
108, 'Fontana', 'California', 203003, '{"type": "Point", "coordinates": [-117.4627, 34.1088]}'
109, 'Columbus', 'Georgia', 202824, '{"type": "Point", "coordinates": [-84.8749, 32.5102]}'
110, 'Montgomery', 'Alabama', 201332, '{"type": "Point", "coordinates": [-86.2686, 32.3463]}'
111, 'Moreno Valley', 'California', 201175, '{"type": "Point", "coordinates": [-117.2057, 33.9233]}'
112, 'Shreveport', 'Louisiana', 200327, '{"type": "Point", "coordinates": [-93.7927, 32.4670]}'
113, 'Aurora', 'Illinois', 199963, '{"type": "Point", "coordinates": [-88.2901, 41.7635]}'
114, 'Yonkers', 'New York', 199766, '{"type": "Point", "coordinates": [-73.8674, 40.9459]}'
115, 'Akron', 'Ohio', 198100, '{"type": "Point", "coordinates": [-81.5214, 41.0805]}'
116, 'Huntington Beach', 'California', 197575, '{"type": "Point", "coordinates": [-118.0093, 33.6906]}'
117, 'Little Rock', 'Arkansas', 197357, '{"type": "Point", "coordinates": [-92.3586, 34.7254]}'
118, 'Augusta', 'Georgia', 197350, '{"type": "Point", "coordinates": [-82.0734, 33.3655]}'
119, 'Amarillo', 'Texas', 196429, '{"type": "Point", "coordinates": [-101.8287, 35.1978]}'
120, 'Glendale', 'California', 196021, '{"type": "Point", "coordinates": [-118.2458, 34.1814]}'
121, 'Mobile', 'Alabama', 194899, '{"type": "Point", "coordinates": [-88.1002, 30.6684]}'
122, 'Grand Rapids', 'Michigan', 192294, '{"type": "Point", "coordinates": [-85.6556, 42.9612]}'
123, 'Salt Lake City', 'Utah', 191180, '{"type": "Point", "coordinates": [-111.9314, 40.7785]}'
124, 'Tallahassee', 'Florida', 186411, '{"type": "Point", "coordinates": [-84.2534, 30.4551]}'
125, 'Huntsville', 'Alabama', 186254, '{"type": "Point", "coordinates": [-86.5390, 34.7843]}'
126, 'Grand Prairie', 'Texas', 183372, '{"type": "Point", "coordinates": [-97.0210, 32.6842]}'
127, 'Knoxville', 'Tennessee', 183270, '{"type": "Point", "coordinates": [-83.9465, 35.9709]}'
128, 'Worcester', 'Massachusetts', 182544, '{"type": "Point", "coordinates": [-71.8078, 42.2695]}'
129, 'Newport News', 'Virginia', 182020, '{"type": "Point", "coordinates": [-76.5217, 37.0760]}'
130, 'Brownsville', 'Texas', 181860, '{"type": "Point", "coordinates": [-97.4538, 26.0183]}'
131, 'Overland Park', 'Kansas', 181260, '{"type": "Point", "coordinates": [-94.6906, 38.8890]}'
132, 'Santa Clarita', 'California', 179590, '{"type": "Point", "coordinates": [-118.5047, 34.4049]}'
133, 'Providence', 'Rhode Island', 177994, '{"type": "Point", "coordinates": [-71.4188, 41.8231]}'
134, 'Garden Grove', 'California', 175140, '{"type": "Point", "coordinates": [-117.9605, 33.7788]}'
135, 'Chattanooga', 'Tennessee', 173366, '{"type": "Point", "coordinates": [-85.2471, 35.0665]}'
136, 'Oceanside', 'California', 172794, '{"type": "Point", "coordinates": [-117.3062, 33.2246]}'
137, 'Jackson', 'Mississippi', 172638, '{"type": "Point", "coordinates": [-90.2128, 32.3158]}'
138, 'Fort Lauderdale', 'Florida', 172389, '{"type": "Point", "coordinates": [-80.1439, 26.1413]}'
139, 'Santa Rosa', 'California', 171990, '{"type": "Point", "coordinates": [-122.7061, 38.4468]}'
140, 'Rancho Cucamonga', 'California', 171386, '{"type": "Point", "coordinates": [-117.5642, 34.1233]}'
141, 'Port St. Lucie', 'Florida', 171016, '{"type": "Point", "coordinates": [-80.3838, 27.2810]}'
142, 'Tempe', 'Arizona', 168228, '{"type": "Point", "coordinates": [-111.9318, 33.3884]}'
143, 'Ontario', 'California', 167500, '{"type": "Point", "coordinates": [-117.6088, 34.0395]}'
144, 'Vancouver', 'Washington', 167405, '{"type": "Point", "coordinates": [-122.5965, 45.6372]}'
145, 'Cape Coral', 'Florida', 165831, '{"type": "Point", "coordinates": [-81.9973, 26.6431]}'
146, 'Sioux Falls', 'South Dakota', 164676, '{"type": "Point", "coordinates": [-96.7320, 43.5383]}'
147, 'Springfield', 'Missouri', 164122, '{"type": "Point", "coordinates": [-93.2913, 37.1942]}'
148, 'Peoria', 'Arizona', 162592, '{"type": "Point", "coordinates": [-112.3111, 33.7877]}'
149, 'Pembroke Pines', 'Florida', 162329, '{"type": "Point", "coordinates": [-80.3404, 26.0212]}'
150, 'Elk Grove', 'California', 161007, '{"type": "Point", "coordinates": [-121.3849, 38.4144]}'
151, 'Salem', 'Oregon', 160614, '{"type": "Point", "coordinates": [-123.0231, 44.9237]}'
152, 'Lancaster', 'California', 159523, '{"type": "Point", "coordinates": [-118.1753, 34.6936]}'
153, 'Corona', 'California', 159503, '{"type": "Point", "coordinates": [-117.5639, 33.8624]}'
154, 'Eugene', 'Oregon', 159190, '{"type": "Point", "coordinates": [-123.1162, 44.0567]}'
155, 'Palmdale', 'California', 157161, '{"type": "Point", "coordinates": [-118.1090, 34.5913]}'
156, 'Salinas', 'California', 155662, '{"type": "Point", "coordinates": [-121.6337, 36.6902]}'
157, 'Springfield', 'Massachusetts', 153703, '{"type": "Point", "coordinates": [-72.5400, 42.1155]}'
158, 'Pasadena', 'Texas', 152735, '{"type": "Point", "coordinates": [-95.1505, 29.6583]}'
159, 'Fort Collins', 'Colorado', 152061, '{"type": "Point", "coordinates": [-105.0648, 40.5482]}'
160, 'Hayward', 'California', 151574, '{"type": "Point", "coordinates": [-122.1063, 37.6281]}'
161, 'Pomona', 'California', 151348, '{"type": "Point", "coordinates": [-117.7613, 34.0586]}'
162, 'Cary', 'North Carolina', 151088, '{"type": "Point", "coordinates": [-78.8141, 35.7821]}'
163, 'Rockford', 'Illinois', 150251, '{"type": "Point", "coordinates": [-89.0628, 42.2634]}'
164, 'Alexandria', 'Virginia', 148892, '{"type": "Point", "coordinates": [-77.0820, 38.8183]}'
165, 'Escondido', 'California', 148738, '{"type": "Point", "coordinates": [-117.0732, 33.1336]}'
166, 'McKinney', 'Texas', 148559, '{"type": "Point", "coordinates": [-96.6680, 33.2012]}'
167, 'Kansas City', 'Kansas', 148483, '{"type": "Point", "coordinates": [-94.7418, 39.1225]}'
168, 'Joliet', 'Illinois', 147806, '{"type": "Point", "coordinates": [-88.1584, 41.5181]}'
169, 'Sunnyvale', 'California', 147559, '{"type": "Point", "coordinates": [-122.0263, 37.3858]}'
170, 'Torrance', 'California', 147478, '{"type": "Point", "coordinates": [-118.3414, 33.8350]}'
171, 'Bridgeport', 'Connecticut', 147216, '{"type": "Point", "coordinates": [-73.1957, 41.1874]}'
172, 'Lakewood', 'Colorado', 147214, '{"type": "Point", "coordinates": [-105.1176, 39.6989]}'
173, 'Hollywood', 'Florida', 146526, '{"type": "Point", "coordinates": [-80.1646, 26.0311]}'
174, 'Paterson', 'New Jersey', 145948, '{"type": "Point", "coordinates": [-74.1628, 40.9147]}'
175, 'Naperville', 'Illinois', 144864, '{"type": "Point", "coordinates": [-88.1620, 41.7492]}'
176, 'Syracuse', 'New York', 144669, '{"type": "Point", "coordinates": [-76.1436, 43.0410]}'
177, 'Mesquite', 'Texas', 143484, '{"type": "Point", "coordinates": [-96.5924, 32.7639]}'
178, 'Dayton', 'Ohio', 143355, '{"type": "Point", "coordinates": [-84.1996, 39.7774]}'
179, 'Savannah', 'Georgia', 142772, '{"type": "Point", "coordinates": [-81.1536, 32.0025]}'
180, 'Clarksville', 'Tennessee', 142357, '{"type": "Point", "coordinates": [-87.3452, 36.5664]}'
181, 'Orange', 'California', 139969, '{"type": "Point", "coordinates": [-117.8249, 33.8048]}'
182, 'Pasadena', 'California', 139731, '{"type": "Point", "coordinates": [-118.1396, 34.1606]}'
183, 'Fullerton', 'California', 138981, '{"type": "Point", "coordinates": [-117.9280, 33.8857]}'
184, 'Killeen', 'Texas', 137147, '{"type": "Point", "coordinates": [-97.7320, 31.0777]}'
185, 'Frisco', 'Texas', 136791, '{"type": "Point", "coordinates": [-96.8193, 33.1510]}'
186, 'Hampton', 'Virginia', 136699, '{"type": "Point", "coordinates": [-76.2971, 37.0480]}'
187, 'McAllen', 'Texas', 136639, '{"type": "Point", "coordinates": [-98.2461, 26.2185]}'
188, 'Warren', 'Michigan', 134873, '{"type": "Point", "coordinates": [-83.0250, 42.4929]}'
189, 'Bellevue', 'Washington', 133992, '{"type": "Point", "coordinates": [-122.1565, 47.5978]}'
190, 'West Valley City', 'Utah', 133579, '{"type": "Point", "coordinates": [-112.0118, 40.6885]}'
191, 'Columbia', 'South Carolina', 133358, '{"type": "Point", "coordinates": [-80.8966, 34.0298]}'
192, 'Olathe', 'Kansas', 131885, '{"type": "Point", "coordinates": [-94.8188, 38.8843]}'
193, 'Sterling Heights', 'Michigan', 131224, '{"type": "Point", "coordinates": [-83.0303, 42.5812]}'
194, 'New Haven', 'Connecticut', 130660, '{"type": "Point", "coordinates": [-72.9250, 41.3108]}'
195, 'Miramar', 'Florida', 130288, '{"type": "Point", "coordinates": [-80.3358, 25.9770]}'
196, 'Waco', 'Texas', 129030, '{"type": "Point", "coordinates": [-97.1860, 31.5601]}'
197, 'Thousand Oaks', 'California', 128731, '{"type": "Point", "coordinates": [-118.8742, 34.1933]}'
198, 'Cedar Rapids', 'Iowa', 128429, '{"type": "Point", "coordinates": [-91.6778, 41.9670]}'
199, 'Charleston', 'South Carolina', 127999, '{"type": "Point", "coordinates": [-79.9589, 32.8179]}'
200, 'Visalia', 'California', 127763, '{"type": "Point", "coordinates": [-119.3234, 36.3272]}'
201, 'Topeka', 'Kansas', 127679, '{"type": "Point", "coordinates": [-95.6948, 39.0362]}'
202, 'Elizabeth', 'New Jersey', 127558, '{"type": "Point", "coordinates": [-74.1935, 40.6663]}'
203, 'Gainesville', 'Florida', 127488, '{"type": "Point", "coordinates": [-82.3459, 29.6788]}'
204, 'Thornton', 'Colorado', 127359, '{"type": "Point", "coordinates": [-104.9454, 39.9180]}'
205, 'Roseville', 'California', 127035, '{"type": "Point", "coordinates": [-121.3032, 38.7657]}'
206, 'Carrollton', 'Texas', 126700, '{"type": "Point", "coordinates": [-96.8998, 32.9884]}'
207, 'Coral Springs', 'Florida', 126604, '{"type": "Point", "coordinates": [-80.2593, 26.2708]}'
208, 'Stamford', 'Connecticut', 126456, '{"type": "Point", "coordinates": [-73.5460, 41.0799]}'
209, 'Simi Valley', 'California', 126181, '{"type": "Point", "coordinates": [-118.7485, 34.2669]}'
210, 'Concord', 'California', 125880, '{"type": "Point", "coordinates": [-122.0016, 37.9722]}'
211, 'Hartford', 'Connecticut', 125017, '{"type": "Point", "coordinates": [-72.6833, 41.7660]}'
212, 'Kent', 'Washington', 124435, '{"type": "Point", "coordinates": [-122.2169, 47.3853]}'
213, 'Lafayette', 'Louisiana', 124276, '{"type": "Point", "coordinates": [-92.0314, 30.2116]}'
214, 'Midland', 'Texas', 123933, '{"type": "Point", "coordinates": [-102.1097, 32.0299]}'
215, 'Surprise', 'Arizona', 123546, '{"type": "Point", "coordinates": [-112.4527, 33.6706]}'
216, 'Denton', 'Texas', 123099, '{"type": "Point", "coordinates": [-97.1417, 33.2151]}'
217, 'Victorville', 'California', 121096, '{"type": "Point", "coordinates": [-117.3536, 34.5277]}'
218, 'Evansville', 'Indiana', 120310, '{"type": "Point", "coordinates": [-87.5347, 37.9877]}'
219, 'Santa Clara', 'California', 120245, '{"type": "Point", "coordinates": [-121.9679, 37.3646]}'
220, 'Abilene', 'Texas', 120099, '{"type": "Point", "coordinates": [-99.7381, 32.4545]}'
221, 'Athens', 'Georgia', 119980, '{"type": "Point", "coordinates": [-83.3701, 33.9496]}'
222, 'Vallejo', 'California', 118837, '{"type": "Point", "coordinates": [-122.2639, 38.1079]}'
223, 'Allentown', 'Pennsylvania', 118577, '{"type": "Point", "coordinates": [-75.4782, 40.5940]}'
224, 'Norman', 'Oklahoma', 118197, '{"type": "Point", "coordinates": [-97.3453, 35.2406]}'
225, 'Beaumont', 'Texas', 117796, '{"type": "Point", "coordinates": [-94.1458, 30.0843]}'
226, 'Independence', 'Missouri', 117240, '{"type": "Point", "coordinates": [-94.3513, 39.0853]}'
227, 'Murfreesboro', 'Tennessee', 117044, '{"type": "Point", "coordinates": [-86.4161, 35.8522]}'
228, 'Ann Arbor', 'Michigan', 117025, '{"type": "Point", "coordinates": [-83.7313, 42.2756]}'
229, 'Springfield', 'Illinois', 117006, '{"type": "Point", "coordinates": [-89.6708, 39.7639]}'
230, 'Berkeley', 'California', 116768, '{"type": "Point", "coordinates": [-122.2991, 37.8667]}'
231, 'Peoria', 'Illinois', 116513, '{"type": "Point", "coordinates": [-89.6171, 40.7523]}'
232, 'Provo', 'Utah', 116288, '{"type": "Point", "coordinates": [-111.6448, 40.2453]}'
233, 'El Monte', 'California', 115708, '{"type": "Point", "coordinates": [-118.0291, 34.0746]}'
234, 'Columbia', 'Missouri', 115276, '{"type": "Point", "coordinates": [-92.3261, 38.9479]}'
236, 'Fargo', 'North Dakota', 113658, '{"type": "Point", "coordinates": [-96.8290, 46.8652]}'
237, 'Downey', 'California', 113242, '{"type": "Point", "coordinates": [-118.1309, 33.9382]}'
238, 'Costa Mesa', 'California', 112174, '{"type": "Point", "coordinates": [-117.9123, 33.6659]}'
239, 'Wilmington', 'North Carolina', 112067, '{"type": "Point", "coordinates": [-77.8858, 34.2092]}'
240, 'Arvada', 'Colorado', 111707, '{"type": "Point", "coordinates": [-105.1066, 39.8097]}'
241, 'Inglewood', 'California', 111542, '{"type": "Point", "coordinates": [-118.3443, 33.9561]}'
242, 'Miami Gardens', 'Florida', 111378, '{"type": "Point", "coordinates": [-80.2436, 25.9489]}'
243, 'Carlsbad', 'California', 110972, '{"type": "Point", "coordinates": [-117.2828, 33.1239]}'
244, 'Westminster', 'Colorado', 110945, '{"type": "Point", "coordinates": [-105.0644, 39.8822]}'
245, 'Rochester', 'Minnesota', 110742, '{"type": "Point", "coordinates": [-92.4772, 44.0154]}'
246, 'Odessa', 'Texas', 110720, '{"type": "Point", "coordinates": [-102.3434, 31.8804]}'
247, 'Manchester', 'New Hampshire', 110378, '{"type": "Point", "coordinates": [-71.4439, 42.9847]}'
249, 'West Jordan', 'Utah', 110077, '{"type": "Point", "coordinates": [-112.0010, 40.6023]}'
250, 'Round Rock', 'Texas', 109821, '{"type": "Point", "coordinates": [-97.6674, 30.5237]}'
251, 'Clearwater', 'Florida', 109703, '{"type": "Point", "coordinates": [-82.7663, 27.9795]}'
252, 'Waterbury', 'Connecticut', 109676, '{"type": "Point", "coordinates": [-73.0367, 41.5585]}'
253, 'Gresham', 'Oregon', 109397, '{"type": "Point", "coordinates": [-122.4416, 45.5023]}'
254, 'Fairfield', 'California', 109320, '{"type": "Point", "coordinates": [-122.0397, 38.2568]}'
255, 'Billings', 'Montana', 109059, '{"type": "Point", "coordinates": [-108.5499, 45.7895]}'
256, 'Lowell', 'Massachusetts', 108861, '{"type": "Point", "coordinates": [-71.3221, 42.6389]}'
257, 'Ventura', 'California', 108817, '{"type": "Point", "coordinates": [-119.2550, 34.2681]}'
258, 'Pueblo', 'Colorado', 108249, '{"type": "Point", "coordinates": [-104.6124, 38.2731]}'
259, 'High Point', 'North Carolina', 107741, '{"type": "Point", "coordinates": [-79.9902, 35.9855]}'
260, 'West Covina', 'California', 107740, '{"type": "Point", "coordinates": [-117.9099, 34.0559]}'
261, 'Richmond', 'California', 107571, '{"type": "Point", "coordinates": [-122.3594, 37.9530]}'
262, 'Murrieta', 'California', 107479, '{"type": "Point", "coordinates": [-117.1907, 33.5719]}'
263, 'Cambridge', 'Massachusetts', 107289, '{"type": "Point", "coordinates": [-71.1183, 42.3760]}'
264, 'Antioch', 'California', 107100, '{"type": "Point", "coordinates": [-121.7976, 37.9775]}'
265, 'Temecula', 'California', 106780, '{"type": "Point", "coordinates": [-117.1246, 33.5019]}'
266, 'Norwalk', 'California', 106589, '{"type": "Point", "coordinates": [-118.0834, 33.9069]}'
267, 'Centennial', 'Colorado', 106114, '{"type": "Point", "coordinates": [-104.8691, 39.5906]}'
268, 'Everett', 'Washington', 105370, '{"type": "Point", "coordinates": [-122.1742, 48.0033]}'
269, 'Palm Bay', 'Florida', 104898, '{"type": "Point", "coordinates": [-80.6626, 27.9856]}'
270, 'Wichita Falls', 'Texas', 104898, '{"type": "Point", "coordinates": [-98.5259, 33.9067]}'
271, 'Green Bay', 'Wisconsin', 104779, '{"type": "Point", "coordinates": [-87.9842, 44.5207]}'
272, 'Daly City', 'California', 104739, '{"type": "Point", "coordinates": [-122.4650, 37.7009]}'
273, 'Burbank', 'California', 104709, '{"type": "Point", "coordinates": [-118.3249, 34.1890]}'
274, 'Richardson', 'Texas', 104475, '{"type": "Point", "coordinates": [-96.7081, 32.9723]}'
275, 'Pompano Beach', 'Florida', 104410, '{"type": "Point", "coordinates": [-80.1290, 26.2426]}'
276, 'North Charleston', 'South Carolina', 104054, '{"type": "Point", "coordinates": [-80.0169, 32.8853]}'
277, 'Broken Arrow', 'Oklahoma', 103500, '{"type": "Point", "coordinates": [-95.7810, 36.0365]}'
278, 'Boulder', 'Colorado', 103166, '{"type": "Point", "coordinates": [-105.2797, 40.0175]}'
279, 'West Palm Beach', 'Florida', 102436, '{"type": "Point", "coordinates": [-80.1266, 26.7483]}'
280, 'Santa Maria', 'California', 102216, '{"type": "Point", "coordinates": [-120.4438, 34.9332]}'
281, 'El Cajon', 'California', 102211, '{"type": "Point", "coordinates": [-116.9605, 32.8017]}'
282, 'Davenport', 'Iowa', 102157, '{"type": "Point", "coordinates": [-90.6040, 41.5541]}'
283, 'Rialto', 'California', 101910, '{"type": "Point", "coordinates": [-117.3883, 34.1118]}'
284, 'Edison', 'New Jersey', 101450, '{"type": "Point", "coordinates": [-74.39, 40.525]}'
285, 'Las Cruces', 'New Mexico', 101324, '{"type": "Point", "coordinates": [-106.7653, 32.3197]}'
286, 'San Mateo', 'California', 101128, '{"type": "Point", "coordinates": [-122.3131, 37.5542]}'
287, 'Lewisville', 'Texas', 101074, '{"type": "Point", "coordinates": [-97.0061, 33.0383]}'
288, 'South Bend', 'Indiana', 100886, '{"type": "Point", "coordinates": [-86.2690, 41.6769]}'
289, 'Lakeland', 'Florida', 100710, '{"type": "Point", "coordinates": [-81.9589, 28.0411]}'
290, 'Erie', 'Pennsylvania', 100671, '{"type": "Point", "coordinates": [-80.0735, 42.1166]}'
291, 'Woodbridge', 'New Jersey', 100574, '{"type": "Point", "coordinates": [-74.292627, 40.560751]}'
292, 'Tyler', 'Texas', 100223, '{"type": "Point", "coordinates": [-95.30, 32.35]}'
293, 'Pearland', 'Texas', 100065, '{"type": "Point", "coordinates": [-95.2958, 29.5544]}'
294, 'College Station', 'Texas', 100050, '{"type": "Point", "coordinates": [-95.2958, 29.5544]}'
